[
 {
   "PRODUCER_CODE": "GES IN 08112016 - GES PO 08112016",
   "AGENCY_NAME": "Rating",
   "AGENCY_CITY": "Aug 11, 2016",
   "AGENCY_STATE": "47088",
   "AGENT_NAME": "JOHN DOE",
   "AGENCY_PHONE": "146 days ago",
   "TEST": "TEST_PC_4"
 },
 {
   "PRODUCER_CODE": "GES IN 08112016 - 31096_Pre_REM081120161207 PO",
   "AGENCY_NAME": "Modeling",
   "AGENCY_CITY": "Aug 11, 2016",
   "AGENCY_STATE": "47088",
   "AGENT_NAME": "JOHN DOE",
   "AGENCY_PHONE": "146 days ago",
   "TEST": "TEST_PC_4"
 },
 {
   "PRODUCER_CODE": "GES IN 08112016 - GES PO 08112016",
   "AGENCY_NAME": "Rating",
   "AGENCY_CITY": "Aug 11, 2016",
   "AGENCY_STATE": "47088",
   "AGENT_NAME": "JOHN DOE",
   "AGENCY_PHONE": "146 days ago",
   "TEST": "TEST_PC_4"
 },
 {
   "PRODUCER_CODE": "GES IN 08112016 - 31096_Pre_REM_08112016_02S7 PO",
   "AGENCY_NAME": "Modeling",
   "AGENCY_CITY": "Aug 11, 2016",
   "AGENCY_STATE": "47088",
   "AGENT_NAME": "JOHN DOE",
   "AGENCY_PHONE": "146 days ago",
   "TEST": "TEST_PC_4"
 },
 {
   "PRODUCER_CODE": "GES IN 08112016 - 31096_Prezzy",
   "AGENCY_NAME": "Modeling",
   "AGENCY_CITY": "Aug 11, 2016",
   "AGENCY_STATE": "47088",
   "AGENT_NAME": "JOHN DOE",
   "AGENCY_PHONE": "146 days ago",
   "TEST": "TEST_PC_4"
 },
 {
   "PRODUCER_CODE": "Quote Dale 0.912 - 31259Prepuote pole 0812",
   "AGENCY_NAME": "Modeling",
   "AGENCY_CITY": "Aug 11, 2016",
   "AGENCY_STATE": "47088",
   "AGENT_NAME": "JOHN DOE",
   "AGENCY_PHONE": "146 days ago",
   "TEST": "TEST_PC_4"
 }
]