[
    {
        "UAS110":"UAS110 – Physical Damage Coverage Endorsement",
        "UAS555":"UAS555 – Special Equipment Endorsement",
        "UAS1430":"UAS1430 – Physical Damage to Ground Control Equipment Flight Controllers Endorsement",
        "UAS137":"UAS137 – Spare Parts Endorsement",
        "UAS456":"UAS456 – War, Hi-Jacking, Extortion and Other Perils Extended Coverage Endorsement",
        "UAS1427":"UAS1427 – Extended Coverage For Cyberjacking of Unmanned Aircraft",
        "UAS857":"UAS857 – Exclusion Deletion Endorsement Physical Damage Coverage (Terrorism Risk Insurance Program Reauthorization Act of 2015)",
        "UAS52E":"UAS52E – Extended Coverage Endorsement (Aviation Liabilities) AVN52E",
        "UAS98":"UAS98 – Non-Owned Unmanned Aircraft:  Liabilities Endorsement",
        "UAS108":"UAS108 – Personal Injury Extension"
    }
]