{
    "AK":{
        "value":"UAS46B-Noise and Pollution and Other Perils Exclusion Clause AVN46B, UE38B-Nuclear Risks Exclusion Clause AVN38B, UE1066-Terrorism Exclusion – Certified Acts, UAS48B-War, Hi-Jacking, and Other Perils Exclusion Clause (Aviation) AVN48B, UE882-Asbestos Exclusion Endorsement, UAS2000A-Date Recognition Exclusion Clause AVN2000A, UE1524-Privacy Notice, 91222-Policyholder Notice, UAS04-Unmanned Aircraft Aviation Policy Declarations, UAS26-Broad Coverage Endorsement, UAS2001A-Date Recognition Limited Coverage Clause, UAS1441-Electromagnetic Interference Exclusion Amendment, UE858-Exclusion Deletion Endorsement Liability Coverage (Terrorism Risk Insurance Program Reauthorization Act of 2015), UAS554-Fellow Employee Coverage Endorsement, UAS834-Knowledge of Occurrence and Failure to Report Endorsement, UAS80-Liability Under Contractual Agreements, UAS347-Pilot/Operator Warranty Endorsement, UAS117-Policy Territory Endorsement, UAS1068-Policyholder Disclosure Notice of Terrorism Insurance Coverage, UAS122-Purpose of Use Endorsement"
    },
    "MA": {
    	"value": "UAS46B – Noise and Pollution and Other Perils Exclusion Clause AVN46B, UE38B-MA – Nuclear Risks Exclusion Clause – Massachusetts AVN38B, UE1066 – Terrorism Exclusion – Certified Acts,  UAS48B – War, Hi-Jacking, and Other Perils Exclusion Clause (Aviation) AVN48B, UE882 – Asbestos Exclusion Endorsement, UAS2000A – Date Recognition Exclusion Clause AVN2000A, UE1524 – Privacy Notice, 91222 – Policyholder Notice, UAS04 – Unmanned Aircraft Aviation Policy Declarations, UAS26-MA – Broad Coverage Endorsement – Massachusetts, UAS2001A-MA – Date Recognition Limited Coverage Clause – Massachusetts, UAS1441 – Electromagnetic Interference Exclusion Amendment, UE858 – Exclusion Deletion Endorsement Liability Coverage (Terrorism Risk Insurance Program Reauthorization Act of 2015), UAS554 – Fellow Employee Coverage Endorsement, UAS834 – Knowledge of Occurrence and Failure to Report Endorsement, UAS80 – Liability Under Contractual Agreements, UAS347 – Pilot/Operator Warranty Endorsement, UAS117 – Policy Territory Endorsement, UAS1068 – Policyholder Disclosure Notice of Terrorism Insurance Coverage, UAS122 – Purpose of Use Endorsement"
    },
    "OK": {
    	"value": "UAS46B – Noise and Pollution and Other Perils Exclusion Clause AVN46B, UE38B – Nuclear Risks Exclusion Clause AVN38B, UE1066 – Terrorism Exclusion – Certified Acts, UAS48B – War, Hi-Jacking, and Other Perils Exclusion Clause (Aviation) AVN48B, UE882 – Asbestos Exclusion Endorsement, UAS2000A – Date Recognition Exclusion Clause AVN2000A, UE1524 – Privacy Notice, 91222 – Policyholder Notice, UAS04 – Unmanned Aircraft Aviation Policy Declarations, UAS26 – Broad Coverage Endorsement, UAS2001A – Date Recognition Limited Coverage Clause, UAS1441 – Electromagnetic Interference Exclusion Amendment, UE858 – Exclusion Deletion Endorsement Liability Coverage (Terrorism Risk Insurance Program Reauthorization Act of 2015), UAS554 – Fellow Employee Coverage Endorsement, UAS834 – Knowledge of Occurrence and Failure to Report Endorsement, UAS80 – Liability Under Contractual Agreements, UAS347 – Pilot/Operator Endorsement, UAS117 – Policy Territory Endorsement, UAS1068 – Policyholder Disclosure Notice of Terrorism Insurance Coverage, UAS122 – Purpose of Use Endorsement"
    },
    "FL": {
    	"value": "UAS46B – Noise and Pollution and Other Perils Exclusion Clause AVN46B, UE38B – Nuclear Risks Exclusion Clause AVN38B, UE1066 – Terrorism Exclusion – Certified Acts, UAS48B – War, Hi-Jacking, and Other Perils Exclusion Clause (Aviation) AVN48B, UE882 – Asbestos Exclusion Endorsement, UAS2000A – Date Recognition Exclusion Clause AVN2000A, UE1524 – Privacy Notice, 91222 – Policyholder Notice, UAS04 – Unmanned Aircraft Aviation Policy Declarations, UAS26 – Broad Coverage Endorsement, UE38 – Countersignature Endorsement, UAS2001A – Date Recognition Limited Coverage Clause, UAS1441 – Electromagnetic Interference Exclusion Amendment, UE858 – Exclusion Deletion Endorsement Liability Coverage (Terrorism Risk Insurance Program Reauthorization Act of 2015), UAS554 – Fellow Employee Coverage Endorsement, UAS834 – Knowledge of Occurrence and Failure to Report Endorsement, UAS80 – Liability Under Contractual Agreements, UAS347 – Pilot/Operator Warranty Endorsement, UAS117 – Policy Territory Endorsement, UAS1068 – Policyholder Disclosure Notice of Terrorism Insurance Coverage, UAS122 – Purpose of Use Endorsement"
    },
    "MS": {
    	"value": "UAS46B – Noise and Pollution and Other Perils Exclusion Clause AVN46B, UE38B – Nuclear Risks Exclusion Clause AVN38B, UE1066 – Terrorism Exclusion – Certified Acts, UAS48B – War, Hi-Jacking, and Other Perils Exclusion Clause (Aviation) AVN48B, UE882 – Asbestos Exclusion Endorsement, UAS2000A – Date Recognition Exclusion Clause AVN2000A, UE1524 – Privacy Notice, 91222 – Policyholder Notice, UAS04 – Unmanned Aircraft Aviation Policy Declarations, UAS26 – Broad Coverage Endorsement, UE38 – Countersignature Endorsement, UAS2001A – Date Recognition Limited Coverage Clause, UAS1441 – Electromagnetic Interference Exclusion Amendment, UE858 – Exclusion Deletion Endorsement Liability Coverage (Terrorism Risk Insurance Program Reauthorization Act of 2015), UAS554 – Fellow Employee Coverage Endorsement, UAS834 – Knowledge of Occurrence and Failure to Report Endorsement, UAS80 – Liability Under Contractual Agreements, UAS347 – Pilot/Operator Warranty Endorsement, UAS117 – Policy Territory Endorsement, UAS1068 – Policyholder Disclosure Notice of Terrorism Insurance Coverage, UAS122 – Purpose of Use Endorsement"
    },
    "NV": {
    	"value": "UAS46B – Noise and Pollution and Other Perils Exclusion Clause AVN46B, UE38B – Nuclear Risks Exclusion Clause AVN38B, UE1066 – Terrorism Exclusion – Certified Acts, UAS48B – War, Hi-Jacking, and Other Perils Exclusion Clause (Aviation) AVN48B, UE882 – Asbestos Exclusion Endorsement, UAS2000A – Date Recognition Exclusion Clause AVN2000A, UE1524 – Privacy Notice, 91222 – Policyholder Notice, UAS04 – Unmanned Aircraft Aviation Policy Declarations, UAS26 – Broad Coverage Endorsement, UE38 – Countersignature Endorsement, UAS2001A – Date Recognition Limited Coverage Clause, UAS1441 – Electromagnetic Interference Exclusion Amendment, UE858 – Exclusion Deletion Endorsement Liability Coverage (Terrorism Risk Insurance Program Reauthorization Act of 2015), UAS554 – Fellow Employee Coverage Endorsement, UAS834 – Knowledge of Occurrence and Failure to Report Endorsement, UAS80 – Liability Under Contractual Agreements, UAS347 – Pilot/Operator Warranty Endorsement, UAS117 – Policy Territory Endorsement, UAS1068 – Policyholder Disclosure Notice of Terrorism Insurance Coverage, UAS122 – Purpose of Use Endorsement"
    },
    "NC": {
    	"value": "UAS46B – Noise and Pollution and Other Perils Exclusion Clause AVN46B, UE38B – Nuclear Risks Exclusion Clause AVN38B, UE1066 – Terrorism Exclusion – Certified Acts, UAS48B – War, Hi-Jacking, and Other Perils Exclusion Clause (Aviation) AVN48B, UE882 – Asbestos Exclusion Endorsement, UAS2000A – Date Recognition Exclusion Clause AVN2000A, UE1524 – Privacy Notice, 91222 – Policyholder Notice, UAS04 – Unmanned Aircraft Aviation Policy Declarations, UAS26 – Broad Coverage Endorsement, UAS2001A – Date Recognition Limited Coverage Clause, UAS1441 – Electromagnetic Interference Exclusion Amendment, UE858 – Exclusion Deletion Endorsement Liability Coverage (Terrorism Risk Insurance Program Reauthorization Act of 2015), UAS554 – Fellow Employee Coverage Endorsement, UAS834 – Knowledge of Occurrence and Failure to Report Endorsement, UAS80 – Liability Under Contractual Agreements, UAS347 – Pilot/Operator Warranty Endorsement, UAS117 – Policy Territory Endorsement, UAS1068 – Policyholder Disclosure Notice of Terrorism Insurance Coverage, UAS122 – Purpose of Use Endorsement"
    },
    "NY": {
    	"value": "UAS46B – Noise and Pollution and Other Perils Exclusion Clause AVN46B, UE38B – Nuclear Risks Exclusion Clause AVN38B. UE1066 – Terrorism Exclusion – Certified Acts, UAS48B – War, Hi-Jacking, and Other Perils Exclusion Clause (Aviation) AVN48B, UAS2000A – Date Recognition Exclusion Clause AVN2000A, UE1524 – Privacy Notice, 91222 – Policyholder Notice, UAS04 – Unmanned Aircraft Aviation Policy Declarations, UAS26 – Broad Coverage Endorsement, UAS2001A – Date Recognition Limited Coverage Clause, UAS1441 – Electromagnetic Interference Exclusion Amendment, UE1093 – Extended Coverage Endorsement – New York Liability Coverage (Terrorism Risk Insurance Program Reauthorization Act of 2015), UAS554 – Fellow Employee Coverage Endorsement, UAS834 – Knowledge of Occurrence and Failure to Report Endorsement, UAS80 – Liability Under Contractual Agreements, UAS347 – Pilot/Operator Endorsement, UAS117 – Policy Territory Endorsement, UAS1092 – Policyholder Disclosure – Notice of Terrorism Insurance Coverage to New York Insureds, UAS122 – Purpose of Use Endorsement, UAS1431 – Unmanned Aircraft Aviation Policy Amendatory Endorsement"
    },
    "MO": {
    	"value": "UAS46B – Noise and Pollution and Other Perils Exclusion Clause AVN46B, UE38B – Nuclear Risks Exclusion Clause, UE1066 – Terrorism Exclusion – Certified Acts, UAS48B – War, Hi-Jacking, and Other Perils Exclusion Clause (Aviation) AVN48B, UE882 – Asbestos Exclusion Endorsement, UAS2000A – Date Recognition Exclusion Clause AVN2000A, UE1524 – Privacy Notice, 91222 – Policyholder Notice, UAS04 – Unmanned Aircraft Aviation Policy Declarations, UAS26 – Broad Coverage Endorsement, UAS2001A – Date Recognition Limited Coverage Clause, UAS1441 – Electromagnetic Interference Exclusion Amendment, UE858 – Exclusion Deletion Endorsement Liability Coverage (Terrorism Risk Insurance Program Reauthorization Act of 2015), UAS554 – Fellow Employee Coverage Endorsement, UAS834 – Knowledge of Occurrence and Failure to Report Endorsement, UAS80 – Liability Under Contractual Agreements, UAS347 – Pilot/Operator Warranty Endorsement, UAS117 – Policy Territory Endorsement, UAS1068 – Policyholder Disclosure Notice of Terrorism Insurance Coverage, UAS122 – Purpose of Use Endorsement"
    },
    "SD": {
    	"value": "UAS46B – Noise and Pollution and Other Perils Exclusion Clause AVN46B, UE38B – Nuclear Risks Exclusion Clause AVN38B, UE1066 – Terrorism Exclusion – Certified Acts, UAS48B – War, Hi-Jacking, and Other Perils Exclusion Clause (Aviation) AVN48B, UE882 – Asbestos Exclusion Endorsement, UAS2000A – Date Recognition Exclusion Clause AVN2000A, UE1524 – Privacy Notice, 91222 – Policyholder Notice, UAS04 – Unmanned Aircraft Aviation Policy Declarations, UAS26 – Broad Coverage Endorsement, UAS2001A – Date Recognition Limited Coverage Clause, UAS1441 – Electromagnetic Interference Exclusion Amendment, UE858 – Exclusion Deletion Endorsement Liability Coverage (Terrorism Risk Insurance Program Reauthorization Act of 2015), UAS554 – Fellow Employee Coverage Endorsement, UAS834 – Knowledge of Occurrence and Failure to Report Endorsement, UAS80 – Liability Under Contractual Agreements, UAS347 – Pilot/Operator Endorsement, UAS117 – Policy Territory Endorsement, UAS1068 – Policyholder Disclosure Notice of Terrorism Insurance Coverage, UAS122 – Purpose of Use Endorsement"
    },
    "ME": {
    	"value": "UAS46B – Noise and Pollution and Other Perils Exclusion Clause AVN46B, UE38B – Nuclear Risks Exclusion Clause AVN38B, UE1066 – Terrorism Exclusion – Certified Acts, UAS48B – War, Hi-Jacking, and Other Perils Exclusion Clause (Aviation) AVN48B, UE882 – Asbestos Exclusion Endorsement, UAS2000A – Date Recognition Exclusion Clause AVN2000A, UE1524 – Privacy Notice, 91222 – Policyholder Notice, UAS04 – Unmanned Aircraft Aviation Policy Declarations, UAS26 – Broad Coverage Endorsement, UAS2001A – Date Recognition Limited Coverage Clause, UAS1441 – Electromagnetic Interference Exclusion Amendment, UE858 – Exclusion Deletion Endorsement Liability Coverage (Terrorism Risk Insurance Program Reauthorization Act of 2015), UAS554 – Fellow Employee Coverage Endorsement, UAS834 – Knowledge of Occurrence and Failure to Report Endorsement, UAS80 – Liability Under Contractual Agreements, UAS347 – Pilot/Operator Warranty Endorsement, UAS117 – Policy Territory Endorsement, UAS1068 – Policyholder Disclosure Notice of Terrorism Insurance Coverage, UAS122 – Purpose of Use Endorsement"
    },
    "KS": {
    	"value": "UAS46B – Noise and Pollution and Other Perils Exclusion Clause AVN46B, UE38B – Nuclear Risks Exclusion Clause AVN38B, UE1066 – Terrorism Exclusion – Certified Acts, UAS48B – War, Hi-Jacking, and Other Perils Exclusion Clause (Aviation) AVN48B, UE882 – Asbestos Exclusion Endorsement, UAS2000A – Date Recognition Exclusion Clause AVN2000A, UE1524 – Privacy Notice, 91222 – Policyholder Notice, UAS04 – Unmanned Aircraft Aviation Policy Declarations, UAS26 – Broad Coverage Endorsement, UAS2001A – Date Recognition Limited Coverage Clause, UAS1441 – Electromagnetic Interference Exclusion Amendment, UE858 – Exclusion Deletion Endorsement Liability Coverage (Terrorism Risk Insurance Program Reauthorization Act of 2015), UAS554 – Fellow Employee Coverage Endorsement, UAS834 – Knowledge of Occurrence and Failure to Report Endorsement, UAS80 – Liability Under Contractual Agreements, UAS347 – Pilot/Operator Warranty Endorsement, UAS117 – Policy Territory Endorsement, UAS1068 – Policyholder Disclosure Notice of Terrorism Insurance Coverage, UAS122 – Purpose of Use Endorsement"
    },
    "WV": {
    	"value": "UAS46B – Noise and Pollution and Other Perils Exclusion Clause AVN46B, UE38B – Nuclear Risks Exclusion Clause AVN38B, UE1066 – Terrorism Exclusion – Certified Acts, UAS48B – War, Hi-Jacking, and Other Perils Exclusion Clause (Aviation) AVN48B, UE882 – Asbestos Exclusion Endorsement, UAS2000A – Date Recognition Exclusion Clause AVN2000A, UE1524 – Privacy Notice, 91222 – Policyholder Notice, UAS04 – Unmanned Aircraft Aviation Policy Declarations, UAS26 – Broad Coverage Endorsement, UAS2001A – Date Recognition Limited Coverage Clause, UAS1441 – Electromagnetic Interference Exclusion Amendment, UE858 – Exclusion Deletion Endorsement Liability Coverage (Terrorism Risk Insurance Program Reauthorization Act of 2015), UAS554 – Fellow Employee Coverage Endorsement, UAS834 – Knowledge of Occurrence and Failure to Report Endorsement, UAS80 – Liability Under Contractual Agreements, UAS347 – Pilot/Operator Warranty Endorsement, UAS117 – Policy Territory Endorsement, UAS1068 – Policyholder Disclosure Notice of Terrorism Insurance Coverage, UAS122 – Purpose of Use Endorsement"
    },
    "WI": {
    	"value": "UAS46B – Noise and Pollution and Other Perils Exclusion Clause AVN46B, UE38B – Nuclear Risks Exclusion Clause, UE1066 – Terrorism Exclusion – Certified Acts, UAS48B – War, Hi-Jacking, and Other Perils Exclusion Clause (Aviation) AVN48B, UE882 – Asbestos Exclusion Endorsement, UAS2000A – Date Recognition Exclusion Clause AVN2000A, UE1524 – Privacy Notice, 91222 – Policyholder Notice, UAS04 – Unmanned Aircraft Aviation Policy Declarations, UAS26 – Broad Coverage Endorsement, UAS2001A – Date Recognition Limited Coverage Clause, UAS1441 – Electromagnetic Interference Exclusion Amendment, UE858 – Exclusion Deletion Endorsement Liability Coverage (Terrorism Risk Insurance Program Reauthorization Act of 2015), UAS554 – Fellow Employee Coverage Endorsement, UAS834 – Knowledge of Occurrence and Failure to Report Endorsement, UAS80 – Liability Under Contractual Agreements, UAS347 – Pilot/Operator Warranty Endorsement, UAS117 – Policy Territory Endorsement, UAS1068 – Policyholder Disclosure Notice of Terrorism Insurance Coverage, UAS122 – Purpose of Use Endorsement"
    },
    "GA": {
    	"value": "UAS46B – Noise and Pollution and Other Perils Exclusion Clause AVN46B, UE38B – Nuclear Risks Exclusion Clause AVN38B, UE1066 – Terrorism Exclusion – Certified Acts, UAS48B – War, Hi-Jacking, and Other Perils Exclusion Clause (Aviation) AVN48B, UE882 – Asbestos Exclusion Endorsement, UAS2000A – Date Recognition Exclusion Clause AVN2000A, UE1524 – Privacy Notice, 91222 – Policyholder Notice, UAS04 – Unmanned Aircraft Aviation Policy Declarations, UAS26 – Broad Coverage Endorsement, UAS2001A – Date Recognition Limited Coverage Clause, UAS1441 – Electromagnetic Interference Exclusion Amendment, UE858 – Exclusion Deletion Endorsement Liability Coverage (Terrorism Risk Insurance Program Reauthorization Act of 2015), UAS554 – Fellow Employee Coverage Endorsement, UAS834 – Knowledge of Occurrence and Failure to Report Endorsement, UAS80 – Liability Under Contractual Agreements, UAS347 – Pilot/Operator Warranty Endorsement, UAS117 – Policy Territory Endorsement, UAS1068 – Policyholder Disclosure Notice of Terrorism Insurance Coverage, UAS122 – Purpose of Use Endorsement"
    },
    "WA": {
    	"value": "UAS46B – Noise and Pollution and Other Perils Exclusion Clause AVN46B, UE38B – Nuclear Risks Exclusion Clause AVN38B, UE1066 – Terrorism Exclusion – Certified Acts, UAS48B – War, Hi-Jacking, and Other Perils Exclusion Clause (Aviation) AVN48B, UE882 – Asbestos Exclusion Endorsement, UAS2000A – Date Recognition Exclusion Clause AVN2000A, UE1524 – Privacy Notice, 91222 – Policyholder Notice, UAS04 – Unmanned Aircraft Aviation Policy Declarations, UAS26 – Broad Coverage Endorsement, UAS2001A – Date Recognition Limited Coverage Clause, UAS1441 – Electromagnetic Interference Exclusion Amendment, UE858 – Exclusion Deletion Endorsement Liability Coverage (Terrorism Risk Insurance Program Reauthorization Act of 2015), UAS554 – Fellow Employee Coverage Endorsement, UAS834 – Knowledge of Occurrence and Failure to Report Endorsement, UAS80 – Liability Under Contractual Agreements, UAS347 – Pilot/Operator Warranty Endorsement, UAS117 – Policy Territory Endorsement, UAS1068 – Policyholder Disclosure Notice of Terrorism Insurance Coverage, UAS122 – Purpose of Use Endorsement"
    },
    "others": {
    	"value":"UAS46B – Noise and Pollution and Other Perils Exclusion Clause AVN46B, UE38B – Nuclear Risks Exclusion Clause AVN38B, UE1066 – Terrorism Exclusion – Certified Acts, UAS48B – War, Hi-Jacking, and Other Perils Exclusion Clause (Aviation) AVN48B, UE882 – Asbestos Exclusion Endorsement, UAS2000A – Date Recognition Exclusion Clause AVN2000A, UE1524 – Privacy Notice, 91222 – Policyholder Notice, UAS04 – Unmanned Aircraft Aviation Policy Declarations, UAS26 – Broad Coverage Endorsement, UAS2001A – Date Recognition Limited Coverage Clause, UAS1441 – Electromagnetic Interference Exclusion Amendment, UE858 – Exclusion Deletion Endorsement Liability Coverage (Terrorism Risk Insurance Program Reauthorization Act of 2015), UAS554 – Fellow Employee Coverage Endorsement, UAS834 – Knowledge of Occurrence and Failure to Report Endorsement, UAS80 – Liability Under Contractual Agreements, UAS347 – Pilot/Operator Warranty Endorsement, UAS117 – Policy Territory Endorsement, UAS1068 – Policyholder Disclosure Notice of Terrorism Insurance Coverage, UAS122 – Purpose of Use Endorsement"
    }
}